Survived,Pclass,SibSp,Parch,Fare,Age_step,Gender_female,Gender_male,Embarked_C,Embarked_Q,Embarked_S
0,3,1,0,7.25,2,0,1,0,0,1
1,1,1,0,66.34379999999999,3,1,0,1,0,0
1,3,0,0,7.925,2,1,0,0,0,1
1,1,1,0,53.1,3,1,0,0,0,1
0,3,0,0,8.05,3,0,1,0,0,1
0,3,0,0,8.4583,2,0,1,0,1,0
0,1,0,0,51.8625,5,0,1,0,0,1
0,3,3,1,21.075,0,0,1,0,0,1
1,3,0,2,11.1333,2,1,0,0,0,1
1,2,1,0,30.0708,1,1,0,1,0,0
1,3,1,1,16.7,0,1,0,0,0,1
1,1,0,0,26.55,5,1,0,0,0,1
0,3,0,0,8.05,1,0,1,0,0,1
0,3,1,5,31.275,3,0,1,0,0,1
0,3,0,0,7.8542,1,1,0,0,0,1
1,2,0,0,16.0,5,1,0,0,0,1
0,3,4,1,29.125,0,0,1,0,1,0
1,2,0,0,13.0,2,0,1,0,0,1
0,3,1,0,18.0,3,1,0,0,0,1
1,3,0,0,7.225,2,1,0,1,0,0
0,2,0,0,26.0,3,0,1,0,0,1
1,2,0,0,13.0,3,0,1,0,0,1
1,3,0,0,8.0292,1,1,0,0,1,0
1,1,0,0,35.5,2,0,1,0,0,1
0,3,3,1,21.075,0,1,0,0,0,1
1,3,1,5,31.3875,3,1,0,0,0,1
0,3,0,0,7.225,2,0,1,1,0,0
0,1,3,2,66.34379999999999,1,0,1,0,0,1
1,3,0,0,7.8792,2,1,0,0,1,0
0,3,0,0,7.8958,2,0,1,0,0,1
0,1,0,0,27.7208,3,0,1,1,0,0
1,1,1,0,66.34379999999999,2,1,0,1,0,0
1,3,0,0,7.75,2,1,0,0,1,0
0,2,0,0,10.5,6,0,1,0,0,1
0,1,1,0,66.34379999999999,2,0,1,1,0,0
0,1,1,0,52.0,4,0,1,0,0,1
1,3,0,0,7.2292,2,0,1,1,0,0
0,3,0,0,8.05,2,0,1,0,0,1
0,3,2,0,18.0,1,1,0,0,0,1
1,3,1,0,11.2417,1,1,0,1,0,0
0,3,1,0,9.475,3,1,0,0,0,1
0,2,1,0,21.0,2,1,0,0,0,1
0,3,0,0,7.8958,2,0,1,1,0,0
1,2,1,2,41.5792,0,1,0,1,0,0
1,3,0,0,7.8792,1,1,0,0,1,0
0,3,0,0,8.05,2,0,1,0,0,1
0,3,1,0,15.5,2,0,1,0,1,0
1,3,0,0,7.75,2,1,0,0,1,0
0,3,2,0,21.6792,2,0,1,1,0,0
0,3,1,0,17.8,1,1,0,0,0,1
0,3,4,1,39.6875,0,0,1,0,0,1
0,3,0,0,7.8,2,0,1,0,0,1
1,1,1,0,66.34379999999999,4,1,0,1,0,0
1,2,1,0,26.0,2,1,0,0,0,1
0,1,0,1,61.9792,6,0,1,1,0,0
1,1,0,0,35.5,2,0,1,0,0,1
1,2,0,0,10.5,2,1,0,0,0,1
0,3,0,0,7.2292,2,0,1,1,0,0
1,2,1,2,27.75,0,1,0,0,0,1
0,3,5,2,46.9,1,0,1,0,0,1
0,3,0,0,7.2292,2,0,1,1,0,0
1,1,0,0,66.34379999999999,3,1,0,0,0,1
0,1,1,0,66.34379999999999,4,0,1,0,0,1
0,3,3,2,27.9,0,0,1,0,0,1
0,1,0,0,27.7208,2,0,1,1,0,0
1,3,1,1,15.2458,2,0,1,1,0,0
1,2,0,0,10.5,2,1,0,0,0,1
0,3,0,0,8.1583,1,0,1,0,0,1
1,3,4,2,7.925,1,1,0,0,0,1
0,3,2,0,8.6625,2,0,1,0,0,1
0,2,0,0,10.5,3,0,1,0,0,1
0,3,5,2,46.9,1,1,0,0,0,1
0,2,0,0,66.34379999999999,2,0,1,0,0,1
0,3,1,0,14.4542,2,0,1,1,0,0
1,3,0,0,56.4958,3,0,1,0,0,1
0,3,0,0,7.65,2,0,1,0,0,1
0,3,0,0,7.8958,2,0,1,0,0,1
0,3,0,0,8.05,2,0,1,0,0,1
1,2,0,2,29.0,0,0,1,0,0,1
1,3,0,0,12.475,2,1,0,0,0,1
0,3,0,0,9.0,2,0,1,0,0,1
1,3,0,0,9.5,2,0,1,0,0,1
1,3,0,0,7.7875,2,1,0,0,1,0
0,1,0,0,47.1,2,0,1,0,0,1
1,2,0,0,10.5,1,1,0,0,0,1
1,3,3,0,15.85,3,1,0,0,0,1
0,3,1,3,34.375,1,0,1,0,0,1
0,3,0,0,8.05,2,0,1,0,0,1
1,1,3,2,66.34379999999999,2,1,0,0,0,1
0,3,0,0,8.05,2,0,1,0,0,1
0,3,0,0,8.05,2,0,1,0,0,1
0,3,0,0,7.8542,1,0,1,0,0,1
0,1,1,0,61.175,4,0,1,0,0,1
0,3,1,2,20.575,2,0,1,0,0,1
0,3,0,0,7.25,5,0,1,0,0,1
0,3,0,0,8.05,2,0,1,0,0,1
0,1,0,0,34.6542,7,0,1,1,0,0
1,1,0,1,63.3583,2,0,1,1,0,0
1,2,0,1,23.0,3,1,0,0,0,1
0,2,1,0,26.0,3,0,1,0,0,1
0,3,0,0,7.8958,2,1,0,0,0,1
0,3,0,0,7.8958,2,0,1,0,0,1
0,1,0,1,66.34379999999999,2,0,1,0,0,1
0,3,0,0,8.6542,3,0,1,0,0,1
0,3,2,0,7.925,3,0,1,0,0,1
0,3,0,0,7.8958,2,0,1,0,0,1
1,3,0,0,7.65,2,1,0,0,0,1
1,3,0,0,7.775,2,0,1,0,0,1
0,3,0,0,7.8958,3,0,1,0,0,1
1,3,1,0,24.15,2,1,0,0,1,0
0,1,0,0,52.0,4,0,1,0,0,1
0,3,1,0,14.4542,1,1,0,1,0,0
0,3,0,0,8.05,2,0,1,0,0,1
0,3,1,0,9.825,1,1,0,0,0,1
0,3,0,0,14.4583,1,1,0,1,0,0
0,3,0,0,7.925,2,0,1,0,0,1
0,3,0,0,7.75,7,0,1,0,1,0
0,2,1,0,21.0,2,0,1,0,0,1
0,1,0,1,66.34379999999999,2,0,1,1,0,0
0,3,4,2,31.275,0,1,0,0,0,1
0,2,2,0,66.34379999999999,2,0,1,0,0,1
0,3,0,0,8.05,2,0,1,0,0,1
0,2,1,0,30.0708,3,0,1,1,0,0
1,2,0,0,13.0,3,1,0,0,0,1
0,1,0,1,66.34379999999999,5,0,1,0,0,1
1,3,1,0,11.2417,1,0,1,1,0,0
0,3,0,0,7.75,2,0,1,0,1,0
1,3,0,0,7.1417,2,0,1,0,0,1
1,3,1,1,22.3583,2,1,0,1,0,0
0,3,0,0,6.975,4,0,1,0,0,1
0,3,0,0,7.8958,3,0,1,1,0,0
0,3,0,0,7.05,1,0,1,0,0,1
0,3,1,0,14.5,4,1,0,0,0,1
1,2,1,0,26.0,2,1,0,0,0,1
0,2,0,0,13.0,2,0,1,0,0,1
0,2,0,0,15.0458,2,0,1,1,0,0
1,1,0,2,26.2833,1,1,0,0,0,1
0,1,1,0,53.1,3,0,1,0,0,1
0,3,0,0,9.2167,1,0,1,0,0,1
0,1,0,0,66.34379999999999,2,0,1,1,0,0
0,3,0,2,15.2458,2,1,0,1,0,0
1,3,0,0,7.75,2,1,0,0,0,1
1,3,1,0,15.85,2,1,0,0,0,1
0,3,0,0,6.75,1,0,1,0,1,0
0,2,0,0,11.5,1,0,1,0,0,1
0,2,1,1,36.75,1,0,1,0,0,1
1,3,0,0,7.7958,2,0,1,0,0,1
0,3,2,2,34.375,0,1,0,0,0,1
0,2,0,2,26.0,3,0,1,0,0,1
0,2,0,0,13.0,4,0,1,0,0,1
0,2,0,0,12.525,5,0,1,0,0,1
1,1,1,0,66.34379999999999,2,1,0,0,0,1
0,3,0,0,8.05,5,0,1,0,0,1
0,3,0,2,14.5,4,0,1,0,0,1
0,3,0,0,7.3125,2,0,1,0,0,1
0,1,0,1,61.3792,5,0,1,1,0,0
1,3,0,0,7.7333,1,1,0,0,1,0
0,3,0,0,8.05,2,0,1,0,0,1
0,3,0,0,8.6625,2,0,1,0,0,1
0,3,8,2,66.34379999999999,2,0,1,0,0,1
0,3,0,1,16.1,4,0,1,0,0,1
1,2,0,0,15.75,3,1,0,0,0,1
0,3,0,0,7.775,2,0,1,0,0,1
0,3,0,0,8.6625,1,0,1,0,0,1
0,3,4,1,39.6875,0,0,1,0,0,1
1,3,0,2,20.525,0,0,1,0,0,1
1,1,0,1,55.0,2,1,0,0,0,1
0,3,1,4,27.9,4,1,0,0,0,1
0,1,0,0,25.925,2,0,1,0,0,1
0,3,0,0,56.4958,2,0,1,0,0,1
0,1,0,0,33.5,6,0,1,0,0,1
0,3,4,1,29.125,0,0,1,0,1,0
1,3,1,1,11.1333,0,1,0,0,0,1
0,3,0,0,7.925,2,0,1,0,0,1
0,1,0,0,30.6958,5,0,1,1,0,0
0,3,1,1,7.8542,1,0,1,0,0,1
0,3,3,1,25.4667,2,0,1,0,0,1
0,1,0,0,28.7125,4,1,0,1,0,0
0,2,0,0,13.0,2,0,1,0,0,1
0,3,0,0,0.0,3,0,1,0,0,1
0,3,8,2,66.34379999999999,2,1,0,0,0,1
0,2,0,0,15.05,2,0,1,1,0,0
0,3,4,2,31.3875,0,0,1,0,0,1
1,2,2,1,39.0,0,0,1,0,0,1
1,3,0,2,22.025,0,1,0,0,0,1
0,1,0,0,50.0,2,0,1,0,0,1
1,3,1,0,15.5,2,1,0,0,1,0
1,1,0,0,26.55,4,0,1,0,0,1
0,3,1,1,15.5,3,0,1,0,1,0
0,3,0,0,7.8958,3,0,1,0,0,1
1,2,0,0,13.0,3,1,0,0,0,1
0,2,0,0,13.0,1,0,1,0,0,1
1,3,1,0,7.8542,1,1,0,0,0,1
1,2,1,1,26.0,0,0,1,0,0,1
1,1,0,0,27.7208,4,1,0,1,0,0
1,1,0,0,66.34379999999999,5,1,0,1,0,0
0,3,0,0,7.75,2,0,1,0,1,0
0,3,0,1,8.4042,4,0,1,0,0,1
1,3,0,0,7.75,2,1,0,0,1,0
0,2,0,0,13.0,2,1,0,0,0,1
0,3,0,0,9.5,2,0,1,0,0,1
0,3,8,2,66.34379999999999,2,0,1,0,0,1
0,3,0,0,6.4958,3,0,1,0,0,1
0,3,0,0,7.225,4,0,1,1,0,0
1,3,0,0,8.05,1,0,1,0,0,1
0,3,0,1,10.4625,0,1,0,0,0,1
0,3,1,0,15.85,3,0,1,0,0,1
1,3,0,0,18.7875,2,0,1,1,0,0
1,3,0,0,7.75,1,1,0,0,1,0
1,1,0,0,31.0,3,0,1,1,0,0
0,3,0,0,7.05,2,0,1,0,0,1
1,2,0,0,21.0,3,1,0,0,0,1
0,3,0,0,7.25,2,0,1,0,0,1
0,2,0,0,13.0,2,0,1,0,0,1
0,3,1,0,7.75,2,0,1,0,1,0
1,1,1,0,66.34379999999999,3,1,0,1,0,0
1,3,0,0,7.925,2,1,0,0,0,1
0,2,1,0,27.0,4,0,1,0,0,1
1,1,0,0,66.34379999999999,3,1,0,1,0,0
0,2,0,0,10.5,2,0,1,0,0,1
1,3,0,0,8.05,1,0,1,0,0,1
0,2,0,0,13.0,2,0,1,0,0,1
0,3,0,0,8.05,5,0,1,0,0,1
0,3,0,0,7.8958,2,0,1,0,0,1
1,1,1,0,66.34379999999999,3,0,1,0,0,1
0,3,0,0,9.35,2,0,1,0,0,1
1,2,0,0,10.5,1,0,1,0,0,1
0,3,0,0,7.25,2,0,1,0,0,1
0,2,0,0,13.0,1,0,1,0,0,1
0,3,3,1,25.4667,2,1,0,0,0,1
1,1,1,0,66.34379999999999,3,1,0,0,0,1
0,3,0,0,7.775,2,0,1,0,0,1
0,2,0,0,13.5,5,0,1,0,0,1
1,3,4,2,31.3875,0,1,0,0,0,1
0,2,0,0,10.5,2,0,1,0,0,1
0,3,0,0,7.55,2,1,0,0,0,1
0,2,1,0,26.0,4,0,1,0,0,1
1,2,0,2,26.25,0,1,0,0,0,1
0,2,0,0,10.5,1,0,1,0,0,1
0,2,0,0,12.275,3,0,1,0,0,1
0,3,1,0,14.4542,2,1,0,1,0,0
1,3,1,0,15.5,2,1,0,0,1,0
0,2,0,0,10.5,2,0,1,0,0,1
0,3,0,0,7.125,2,0,1,0,0,1
0,3,0,0,7.225,2,0,1,1,0,0
0,1,2,0,66.34379999999999,4,0,1,0,1,0
0,3,0,0,7.775,2,1,0,0,0,1
1,2,0,2,14.5,2,1,0,0,0,1
1,1,1,1,52.5542,3,0,1,0,0,1
0,2,1,0,26.0,5,0,1,0,0,1
0,3,0,0,7.25,2,0,1,0,0,1
0,3,1,1,10.4625,2,1,0,0,0,1
0,1,0,0,26.55,6,0,1,0,0,1
0,3,1,0,16.1,2,0,1,0,0,1
0,3,0,2,20.2125,4,1,0,0,0,1
1,3,0,2,15.2458,2,1,0,1,0,0
1,1,0,0,66.34379999999999,2,1,0,1,0,0
1,1,0,0,66.34379999999999,2,1,0,0,0,1
1,1,0,0,66.34379999999999,3,1,0,1,0,0
1,2,0,1,26.0,4,1,0,0,0,1
0,3,0,0,7.75,2,0,1,0,1,0
1,3,4,2,31.3875,0,0,1,0,0,1
0,1,1,1,66.34379999999999,5,0,1,0,0,1
0,1,0,0,0.0,3,0,1,0,0,1
0,3,0,0,7.75,2,1,0,0,1,0
0,2,0,0,10.5,3,0,1,0,0,1
0,3,4,1,39.6875,1,0,1,0,0,1
1,3,1,0,7.775,2,0,1,0,0,1
1,1,0,1,66.34379999999999,5,1,0,0,0,1
1,1,0,0,66.34379999999999,3,1,0,0,0,1
0,1,0,0,31.0,2,0,1,0,0,1
1,3,0,0,0.0,2,0,1,0,0,1
1,2,0,1,19.5,4,1,0,0,0,1
0,1,0,1,29.7,3,0,1,1,0,0
1,3,0,0,7.75,2,1,0,0,1,0
1,1,1,0,66.34379999999999,6,1,0,0,0,1
0,3,0,0,7.75,4,1,0,0,0,1
0,2,0,0,0.0,2,0,1,0,0,1
0,3,4,1,29.125,0,0,1,0,1,0
1,3,1,1,20.25,3,1,0,0,0,1
0,3,0,0,7.75,6,0,1,0,1,0
0,3,0,0,7.8542,2,0,1,0,0,1
0,3,0,0,9.5,1,0,1,0,0,1
1,3,0,0,8.05,1,0,1,0,0,1
0,1,0,0,26.0,2,0,1,0,0,1
0,3,0,0,8.6625,3,0,1,1,0,0
1,3,0,0,9.5,2,0,1,0,0,1
0,3,0,0,7.8958,2,0,1,0,0,1
1,2,0,0,13.0,4,0,1,0,0,1
1,3,0,0,7.75,2,1,0,0,1,0
1,1,0,0,66.34379999999999,2,1,0,0,0,1
1,1,1,0,66.34379999999999,1,1,0,1,0,0
0,2,0,0,12.875,3,0,1,1,0,0
0,3,0,0,8.85,2,1,0,0,0,1
0,3,0,0,7.8958,2,0,1,0,0,1
0,1,0,0,27.7208,2,0,1,1,0,0
0,3,0,0,7.2292,2,0,1,1,0,0
0,1,1,2,66.34379999999999,0,1,0,0,0,1
1,1,0,0,30.5,2,0,1,0,0,1
1,1,0,1,66.34379999999999,4,1,0,1,0,0
1,3,0,0,7.75,2,1,0,0,1,0
1,3,2,0,23.25,2,0,1,0,1,0
0,3,0,0,0.0,1,0,1,0,0,1
1,2,0,0,12.35,2,1,0,0,1,0
0,3,0,0,8.05,2,0,1,0,0,1
1,1,1,2,66.34379999999999,0,0,1,0,0,1
1,1,0,0,66.34379999999999,2,1,0,1,0,0
1,1,1,0,66.34379999999999,1,1,0,1,0,0
0,2,1,0,24.0,2,0,1,1,0,0
1,1,0,0,56.9292,2,1,0,1,0,0
1,1,0,0,66.34379999999999,2,1,0,1,0,0
1,1,2,2,66.34379999999999,1,1,0,1,0,0
0,2,1,1,26.0,2,1,0,0,0,1
0,3,0,0,7.8958,2,0,1,0,0,1
0,2,1,1,26.25,4,0,1,0,0,1
1,3,0,0,7.8542,2,1,0,0,0,1
1,2,1,0,26.0,2,1,0,0,0,1
0,2,0,0,14.0,5,0,1,0,0,1
1,1,0,2,66.34379999999999,3,1,0,0,0,1
1,1,1,1,66.34379999999999,3,1,0,1,0,0
0,3,0,0,7.25,2,0,1,0,0,1
0,3,0,0,7.8958,2,0,1,0,0,1
1,2,0,0,12.35,2,1,0,0,1,0
1,2,1,1,29.0,2,1,0,0,0,1
0,3,8,2,66.34379999999999,2,0,1,0,0,1
1,1,0,0,66.34379999999999,3,1,0,1,0,0
0,3,0,0,6.2375,6,0,1,0,0,1
1,2,0,0,13.0,3,1,0,0,0,1
1,3,1,1,20.525,3,1,0,0,0,1
1,1,0,1,57.9792,1,1,0,1,0,0
1,3,2,0,23.25,2,1,0,0,1,0
0,1,0,0,28.5,4,0,1,0,0,1
0,1,0,1,66.34379999999999,3,0,1,0,0,1
0,3,2,0,18.0,1,0,1,0,0,1
1,1,1,0,66.34379999999999,2,1,0,0,0,1
0,3,0,0,7.8958,2,0,1,0,0,1
0,1,1,0,66.34379999999999,2,0,1,0,0,1
1,1,0,0,66.34379999999999,4,1,0,1,0,0
1,3,0,0,8.05,4,0,1,0,0,1
0,1,0,0,35.5,4,0,1,0,0,1
1,2,1,1,26.0,0,0,1,0,0,1
1,1,3,2,66.34379999999999,2,1,0,0,0,1
0,2,0,0,13.0,2,0,1,0,0,1
0,2,0,0,13.0,2,0,1,0,0,1
0,2,0,0,13.0,3,0,1,0,0,1
1,2,0,0,13.0,2,1,0,0,0,1
1,2,0,0,13.0,3,1,0,0,0,1
1,3,1,0,16.1,2,1,0,0,0,1
1,3,1,1,15.9,0,0,1,0,0,1
0,3,0,0,8.6625,4,0,1,0,0,1
0,3,0,0,9.225,2,0,1,0,0,1
0,1,0,0,35.0,2,0,1,0,0,1
0,3,1,1,7.2292,1,0,1,1,0,0
0,3,1,0,17.8,2,0,1,0,0,1
0,3,0,0,7.225,2,0,1,1,0,0
0,3,0,0,9.5,2,0,1,0,0,1
1,1,0,1,55.0,2,1,0,0,0,1
0,2,0,0,13.0,3,1,0,0,0,1
1,3,0,0,7.8792,2,1,0,0,1,0
1,3,0,0,7.8792,2,1,0,0,1,0
0,3,1,4,27.9,3,0,1,0,0,1
0,2,1,0,27.7208,2,0,1,1,0,0
0,3,0,1,14.4542,4,1,0,1,0,0
0,3,0,0,7.05,3,0,1,0,0,1
0,3,1,0,15.5,2,0,1,0,1,0
0,3,0,0,7.25,2,0,1,0,0,1
1,1,1,0,66.34379999999999,5,1,0,1,0,0
1,3,0,0,7.2292,2,1,0,1,0,0
1,3,0,0,7.75,2,1,0,0,1,0
1,1,0,0,66.34379999999999,2,1,0,1,0,0
1,1,1,0,55.4417,2,0,1,1,0,0
0,3,1,0,6.4958,1,0,1,0,0,1
0,3,0,0,8.05,1,0,1,0,0,1
0,1,0,0,66.34379999999999,2,0,1,1,0,0
0,3,3,1,21.075,0,1,0,0,0,1
1,1,1,0,66.34379999999999,2,1,0,1,0,0
1,3,0,0,7.25,2,1,0,0,0,1
0,1,0,2,66.34379999999999,2,0,1,1,0,0
0,3,0,0,4.0125,1,0,1,1,0,0
0,3,0,0,7.775,1,0,1,0,0,1
1,1,0,0,66.34379999999999,4,1,0,1,0,0
1,3,0,2,15.7417,0,1,0,1,0,0
0,3,0,0,7.925,3,0,1,0,0,1
1,1,1,0,52.0,3,1,0,0,0,1
0,3,0,0,7.8958,2,0,1,0,0,1
0,2,0,0,66.34379999999999,1,0,1,0,0,1
0,3,5,2,46.9,0,0,1,0,0,1
1,2,0,0,13.0,3,1,0,0,0,1
0,3,0,0,7.7292,2,0,1,0,1,0
1,2,0,0,12.0,1,1,0,1,0,0
1,1,1,2,66.34379999999999,3,0,1,0,0,1
1,3,0,0,7.7958,2,0,1,0,0,1
0,3,2,0,7.925,2,0,1,0,0,1
1,1,1,0,66.34379999999999,2,1,0,1,0,0
1,3,0,2,16.7,2,1,0,0,0,1
0,3,0,0,7.7958,2,0,1,0,0,1
0,3,0,0,7.8542,3,1,0,0,0,1
0,2,0,0,26.0,4,0,1,0,0,1
0,2,0,0,10.5,2,0,1,0,0,1
1,2,0,0,12.65,2,1,0,0,0,1
1,3,0,0,7.925,3,0,1,0,0,1
0,3,0,0,8.05,2,0,1,0,0,1
0,3,1,0,9.825,2,1,0,0,0,1
0,3,1,0,15.85,2,0,1,0,0,1
0,3,0,0,8.6625,1,1,0,0,0,1
0,2,1,0,21.0,3,0,1,0,0,1
0,3,0,0,7.75,5,0,1,0,0,1
1,2,1,1,18.75,0,0,1,0,0,1
0,3,0,0,7.775,2,0,1,0,0,1
0,3,3,1,25.4667,2,1,0,0,0,1
0,3,0,0,7.8958,2,0,1,0,0,1
0,3,0,0,6.8583,2,0,1,0,1,0
1,1,1,0,66.34379999999999,3,1,0,0,1,0
0,2,0,0,0.0,2,0,1,0,0,1
1,3,0,0,7.925,4,0,1,0,0,1
0,3,0,0,8.05,2,1,0,0,0,1
1,2,1,1,32.5,3,1,0,0,0,1
1,2,0,2,13.0,1,1,0,0,0,1
0,2,0,0,13.0,2,0,1,0,0,1
0,3,0,2,24.15,0,1,0,0,0,1
0,3,0,0,7.8958,2,0,1,1,0,0
0,3,0,0,7.7333,2,0,1,0,1,0
0,3,0,0,7.875,2,0,1,0,0,1
0,3,1,1,14.4,2,1,0,0,0,1
0,3,1,1,20.2125,1,0,1,0,0,1
0,3,0,0,7.25,2,0,1,0,0,1
1,2,1,0,26.0,2,1,0,0,0,1
1,2,0,0,26.0,1,1,0,0,0,1
0,3,0,0,7.75,2,0,1,0,1,0
1,3,0,0,8.05,3,0,1,0,0,1
1,1,0,0,26.55,2,0,1,0,0,1
1,3,1,0,16.1,2,1,0,0,0,1
1,2,1,0,26.0,4,1,0,0,0,1
0,3,0,0,7.125,1,0,1,0,0,1
0,1,1,0,55.9,4,0,1,0,0,1
1,1,1,2,66.34379999999999,1,1,0,0,0,1
0,3,2,2,34.375,2,1,0,0,0,1
1,2,2,3,18.75,2,1,0,0,0,1
0,1,1,4,66.34379999999999,6,0,1,0,0,1
0,2,0,0,10.5,3,0,1,0,0,1
1,2,1,1,26.25,4,1,0,0,0,1
0,3,0,0,9.5,1,0,1,0,0,1
0,3,1,0,7.775,2,0,1,0,0,1
1,2,0,0,13.0,2,1,0,0,0,1
1,3,0,0,8.1125,2,0,1,0,0,1
1,1,0,2,66.34379999999999,0,0,1,0,0,1
1,2,0,1,19.5,1,1,0,0,0,1
1,1,0,0,26.55,3,0,1,0,0,1
1,3,2,1,19.2583,0,1,0,1,0,0
1,1,0,0,30.5,5,0,1,0,0,1
0,2,1,2,27.75,3,0,1,0,0,1
0,3,1,0,19.9667,2,0,1,0,0,1
0,1,0,0,27.75,2,0,1,1,0,0
1,1,1,0,66.34379999999999,4,0,1,1,0,0
0,3,0,0,8.05,2,0,1,0,0,1
1,3,0,0,7.8958,2,0,1,1,0,0
0,1,0,0,26.55,6,0,1,0,0,1
1,1,1,0,51.8625,2,1,0,0,0,1
1,2,0,0,10.5,4,1,0,0,0,1
0,3,0,0,7.75,2,0,1,0,1,0
1,1,0,0,26.55,4,0,1,0,0,1
0,3,0,0,8.05,3,0,1,0,0,1
0,1,0,0,38.5,4,0,1,0,0,1
0,2,0,0,13.0,4,0,1,0,0,1
0,3,0,0,8.05,2,0,1,0,0,1
0,3,0,0,7.05,3,0,1,0,0,1
0,2,0,0,0.0,2,0,1,0,0,1
0,1,0,0,26.55,5,0,1,0,0,1
0,3,0,0,7.725,2,0,1,0,1,0
1,3,2,1,19.2583,0,1,0,1,0,0
0,3,0,0,7.25,2,0,1,0,0,1
0,3,0,0,8.6625,3,0,1,0,0,1
1,2,1,2,27.75,3,1,0,0,0,1
1,2,0,0,13.7917,2,1,0,1,0,0
0,3,0,0,9.8375,2,1,0,0,0,1
0,1,0,0,52.0,2,0,1,0,0,1
0,2,1,0,21.0,3,0,1,0,0,1
0,3,1,0,7.0458,2,0,1,0,0,1
0,3,0,0,7.5208,2,0,1,0,0,1
1,3,0,1,12.2875,0,1,0,0,0,1
0,3,5,2,46.9,0,0,1,0,0,1
0,2,0,0,0.0,2,0,1,0,0,1
0,3,0,0,8.05,4,0,1,0,0,1
1,3,0,0,9.5875,6,1,0,0,0,1
1,1,1,0,66.34379999999999,2,0,1,1,0,0
0,3,3,1,25.4667,2,1,0,0,0,1
1,1,1,0,66.34379999999999,3,1,0,0,0,1
0,1,0,0,29.7,5,0,1,1,0,0
0,3,0,0,8.05,2,0,1,0,0,1
1,3,1,1,15.9,0,0,1,0,0,1
0,3,1,0,19.9667,2,0,1,0,0,1
0,3,0,0,7.25,2,0,1,0,0,1
0,1,0,0,30.5,5,0,1,0,0,1
0,1,0,0,49.5042,7,0,1,1,0,0
0,3,0,0,8.05,2,0,1,0,0,1
0,3,0,0,14.4583,2,0,1,1,0,0
1,1,1,0,66.34379999999999,5,1,0,1,0,0
0,3,0,0,15.1,2,0,1,0,0,1
0,1,1,2,66.34379999999999,2,1,0,0,0,1
0,3,0,0,7.7958,2,0,1,0,0,1
0,3,0,0,8.6625,1,0,1,0,0,1
0,3,0,0,7.75,2,1,0,0,1,0
0,3,0,0,7.6292,2,1,0,0,1,0
0,3,0,0,9.5875,3,1,0,0,0,1
1,1,0,0,66.34379999999999,1,1,0,0,0,1
0,1,1,0,66.34379999999999,1,0,1,1,0,0
1,2,0,2,26.0,3,1,0,0,0,1
1,1,0,0,26.55,2,0,1,0,0,1
0,3,0,0,22.525,2,0,1,0,0,1
1,3,0,0,56.4958,2,0,1,0,0,1
1,3,0,0,7.75,2,0,1,0,1,0
0,3,0,0,8.05,2,0,1,0,0,1
1,1,0,0,26.2875,3,0,1,0,0,1
1,1,1,0,59.4,5,1,0,1,0,0
0,3,0,0,7.4958,2,0,1,0,0,1
0,1,0,0,34.0208,4,0,1,0,0,1
1,2,0,0,10.5,3,1,0,0,0,1
0,3,0,0,24.15,2,0,1,0,1,0
1,2,1,0,26.0,3,1,0,0,0,1
0,3,0,0,7.8958,3,0,1,0,0,1
1,1,0,0,66.34379999999999,2,1,0,0,0,1
0,3,0,0,7.8958,2,0,1,0,0,1
0,3,0,0,7.225,2,0,1,1,0,0
1,1,0,1,57.9792,4,1,0,1,0,0
0,3,0,0,7.2292,2,0,1,1,0,0
0,3,0,0,7.75,4,0,1,0,1,0
1,2,0,0,10.5,4,1,0,0,0,1
0,1,0,0,66.34379999999999,2,0,1,0,0,1
0,3,0,0,7.925,3,0,1,0,0,1
0,2,2,1,11.5,2,0,1,0,0,1
1,2,1,1,26.0,0,1,0,0,0,1
0,3,0,0,7.2292,2,0,1,1,0,0
0,3,1,1,7.2292,1,0,1,1,0,0
1,3,0,2,22.3583,2,1,0,1,0,0
0,3,0,0,8.6625,2,1,0,0,0,1
1,2,0,2,26.25,0,1,0,0,0,1
0,1,0,0,26.55,4,0,1,0,0,1
1,1,0,0,66.34379999999999,2,1,0,1,0,0
0,3,0,0,14.5,2,0,1,0,0,1
1,1,0,2,49.5,2,1,0,1,0,0
1,1,0,2,66.34379999999999,3,1,0,0,0,1
0,3,4,2,31.275,0,1,0,0,0,1
0,3,4,2,31.275,1,1,0,0,0,1
1,2,1,0,26.0,3,0,1,0,0,1
0,1,1,0,66.34379999999999,4,0,1,1,0,0
0,1,0,0,26.0,6,0,1,0,0,1
1,2,1,0,26.0,1,1,0,0,0,1
1,2,0,0,13.8625,2,0,1,1,0,0
0,3,1,1,20.525,3,0,1,0,0,1
1,2,1,1,36.75,0,0,1,0,0,1
1,1,0,2,66.34379999999999,1,0,1,1,0,0
0,2,0,0,26.0,2,0,1,0,0,1
0,3,0,0,7.8292,2,0,1,0,1,0
1,3,0,0,7.225,2,0,1,1,0,0
1,3,0,0,7.775,2,1,0,0,0,1
0,1,0,0,26.55,6,0,1,0,0,1
1,1,1,0,39.6,4,1,0,1,0,0
0,1,0,0,66.34379999999999,2,0,1,1,0,0
1,1,1,1,66.34379999999999,3,1,0,0,0,1
1,3,1,0,17.4,3,1,0,0,0,1
0,3,0,0,7.75,2,0,1,0,1,0
0,3,0,0,7.8958,3,0,1,0,0,1
0,2,0,0,13.5,2,0,1,0,0,1
0,3,0,0,8.05,2,0,1,0,0,1
0,3,0,0,8.05,2,1,0,0,0,1
0,3,2,0,24.15,2,0,1,0,0,1
0,3,0,0,7.8958,1,0,1,0,0,1
0,3,0,4,21.075,2,1,0,0,0,1
0,3,0,0,7.2292,2,0,1,1,0,0
1,3,0,0,7.8542,3,0,1,0,0,1
1,2,0,0,10.5,6,0,1,0,0,1
1,1,2,0,51.4792,5,1,0,0,0,1
1,1,0,0,26.3875,3,0,1,0,0,1
1,3,0,0,7.75,2,1,0,0,1,0
0,3,0,0,8.05,1,0,1,0,0,1
0,3,0,0,14.5,1,0,1,0,0,1
1,2,0,0,13.0,3,1,0,0,0,1
1,1,1,0,55.9,3,1,0,0,0,1
0,3,1,0,14.4583,2,1,0,1,0,0
1,3,0,0,7.925,3,0,1,0,0,1
1,2,1,1,30.0,2,1,0,0,0,1
1,1,1,1,66.34379999999999,3,1,0,1,0,0
0,2,0,0,26.0,5,0,1,0,0,1
0,1,0,0,40.125,3,0,1,1,0,0
0,3,0,0,8.7125,2,0,1,1,0,0
1,1,0,2,66.34379999999999,1,1,0,0,0,1
0,2,0,0,15.0,4,0,1,0,0,1
1,1,1,1,66.34379999999999,5,0,1,1,0,0
0,3,0,0,8.05,2,0,1,0,0,1
0,3,0,0,8.05,2,0,1,0,0,1
0,3,0,0,7.125,3,0,1,0,0,1
1,1,1,0,66.34379999999999,5,1,0,1,0,0
0,3,0,0,7.25,4,0,1,0,0,1
0,3,0,2,7.75,2,1,0,0,1,0
0,2,1,0,26.0,3,0,1,0,0,1
0,3,1,1,24.15,3,0,1,0,0,1
1,2,0,0,33.0,2,1,0,0,0,1
0,3,0,0,0.0,4,0,1,0,0,1
0,3,0,0,7.225,2,0,1,1,0,0
1,1,1,0,56.9292,4,0,1,1,0,0
1,2,2,1,27.0,2,1,0,0,0,1
0,3,0,0,7.8958,2,0,1,0,0,1
0,1,0,0,42.4,2,0,1,0,0,1
0,3,0,0,8.05,4,0,1,0,0,1
1,1,0,0,26.55,3,0,1,1,0,0
0,3,1,0,15.55,3,0,1,0,0,1
0,3,0,0,7.8958,2,0,1,0,0,1
1,1,0,0,30.5,2,0,1,0,0,1
1,2,1,2,41.5792,2,1,0,1,0,0
1,1,0,0,66.34379999999999,3,1,0,0,0,1
0,3,1,5,31.275,3,1,0,0,0,1
0,3,0,0,7.05,2,0,1,0,0,1
1,3,1,0,15.5,2,1,0,0,1,0
0,3,0,0,7.75,2,0,1,0,1,0
0,3,0,0,8.05,3,0,1,0,0,1
1,2,1,2,65.0,2,1,0,0,0,1
0,3,1,1,14.4,3,0,1,0,0,1
0,3,1,0,16.1,2,1,0,0,0,1
1,2,2,1,39.0,0,1,0,0,0,1
0,2,0,0,10.5,2,0,1,0,0,1
0,3,1,0,14.4542,2,0,1,1,0,0
1,1,1,0,52.5542,4,0,1,0,0,1
1,3,1,1,15.7417,1,0,1,1,0,0
0,3,0,0,7.8542,2,0,1,0,0,1
0,3,0,0,16.1,2,0,1,0,0,1
0,1,0,0,32.3208,6,0,1,0,0,1
0,2,0,0,12.35,5,0,1,0,1,0
1,1,0,0,66.34379999999999,2,1,0,0,0,1
0,3,0,0,7.8958,2,0,1,0,0,1
0,3,0,0,7.7333,2,0,1,0,1,0
1,1,0,0,30.0,7,0,1,0,0,1
0,3,0,0,7.0542,5,0,1,0,0,1
1,1,0,0,30.5,3,0,1,1,0,0
0,1,0,0,0.0,2,0,1,0,0,1
0,3,3,2,27.9,0,1,0,0,0,1
1,2,0,0,13.0,2,1,0,0,0,1
0,3,0,0,7.925,3,0,1,0,0,1
0,2,1,1,26.25,3,0,1,0,0,1
0,3,0,5,39.6875,4,1,0,0,0,1
0,3,1,0,16.1,2,0,1,0,0,1
0,3,0,0,7.8542,1,0,1,0,0,1
1,1,0,0,66.34379999999999,2,1,0,1,0,0
0,3,3,2,27.9,0,1,0,0,0,1
1,3,0,0,56.4958,2,0,1,0,0,1
1,3,2,1,19.2583,0,1,0,1,0,0
1,1,1,0,66.34379999999999,4,0,1,1,0,0
0,3,0,0,7.8958,1,0,1,0,0,1
1,1,0,0,35.5,5,0,1,1,0,0
0,3,0,0,7.55,2,0,1,0,0,1
1,3,0,0,7.55,2,1,0,0,0,1
0,3,0,0,7.8958,2,0,1,0,0,1
1,2,0,1,23.0,1,1,0,0,0,1
0,3,0,0,8.4333,2,0,1,0,0,1
1,3,0,0,7.8292,2,1,0,0,1,0
0,3,0,0,6.75,1,1,0,0,1,0
0,2,2,0,66.34379999999999,2,0,1,0,0,1
0,3,0,0,7.8958,2,0,1,0,0,1
0,3,1,1,15.5,3,1,0,0,1,0
0,2,0,0,13.0,2,0,1,0,0,1
0,1,0,2,66.34379999999999,5,0,1,1,0,0
1,1,2,0,66.34379999999999,4,0,1,0,0,1
0,3,0,0,7.225,3,0,1,1,0,0
0,1,0,0,25.5875,4,0,1,0,0,1
0,3,0,0,7.4958,3,0,1,0,0,1
1,3,1,0,7.925,1,0,1,0,0,1
0,2,2,0,66.34379999999999,3,0,1,0,0,1
0,2,0,0,13.0,2,0,1,0,0,1
0,3,0,0,7.775,2,0,1,0,0,1
0,3,0,0,8.05,4,0,1,0,0,1
1,1,1,0,52.0,2,1,0,0,0,1
1,2,1,1,39.0,3,1,0,0,0,1
0,1,1,0,52.0,3,0,1,0,0,1
0,2,0,0,10.5,6,0,1,0,0,1
1,2,0,0,13.0,3,0,1,0,0,1
0,2,0,0,0.0,2,0,1,0,0,1
0,3,0,0,7.775,1,0,1,0,0,1
0,3,0,0,8.05,2,0,1,0,0,1
1,3,0,0,9.8417,1,1,0,0,0,1
0,3,1,6,46.9,4,1,0,0,0,1
1,1,0,1,66.34379999999999,3,0,1,1,0,0
0,3,0,0,8.1375,2,1,0,0,1,0
1,1,0,0,66.34379999999999,2,0,1,1,0,0
0,3,0,0,9.225,1,0,1,0,0,1
0,3,5,2,46.9,1,0,1,0,0,1
0,2,1,1,39.0,5,0,1,0,0,1
0,2,1,2,41.5792,2,0,1,1,0,0
0,3,4,1,39.6875,1,0,1,0,0,1
0,3,0,0,10.1708,1,0,1,0,0,1
0,3,0,0,7.7958,1,0,1,0,0,1
1,1,0,1,66.34379999999999,1,1,0,0,0,1
1,1,1,0,57.0,3,0,1,0,0,1
1,3,0,1,13.4167,0,1,0,1,0,0
1,3,0,0,56.4958,2,0,1,0,0,1
0,3,0,0,7.225,2,0,1,1,0,0
0,1,0,0,26.55,5,0,1,0,0,1
0,2,0,0,13.5,5,0,1,0,0,1
0,3,0,0,8.05,4,0,1,0,0,1
1,3,0,0,7.7333,2,1,0,0,1,0
0,1,1,1,66.34379999999999,4,0,1,1,0,0
0,3,0,0,7.65,4,0,1,0,0,1
1,1,1,0,66.34379999999999,1,1,0,1,0,0
1,1,0,0,26.2875,3,0,1,0,0,1
0,3,0,1,14.4542,1,1,0,1,0,0
0,3,0,0,7.7417,2,0,1,0,1,0
0,3,1,0,7.8542,2,0,1,0,0,1
0,2,0,0,26.0,3,0,1,0,0,1
1,2,0,0,13.5,4,1,0,0,0,1
1,1,0,0,26.2875,4,0,1,0,0,1
1,1,0,0,66.34379999999999,2,1,0,0,0,1
1,3,1,1,15.2458,2,0,1,1,0,0
1,1,0,0,49.5042,2,1,0,1,0,0
0,1,0,0,26.55,2,0,1,0,0,1
1,1,1,0,52.0,4,0,1,0,0,1
0,3,0,0,9.4833,2,0,1,0,0,1
0,2,0,0,13.0,5,0,1,0,0,1
0,3,0,0,7.65,1,0,1,0,0,1
1,1,0,0,66.34379999999999,3,1,0,1,0,0
1,2,0,0,10.5,2,1,0,0,0,1
0,3,0,0,15.5,2,0,1,0,1,0
0,3,0,0,7.775,3,0,1,0,0,1
1,2,0,1,33.0,0,1,0,0,0,1
0,3,1,0,7.0542,1,0,1,0,0,1
0,2,0,0,13.0,3,0,1,0,0,1
0,2,0,0,13.0,4,0,1,0,0,1
1,1,1,0,53.1,2,0,1,0,0,1
0,3,0,0,8.6625,1,0,1,0,0,1
1,2,3,0,21.0,2,1,0,0,0,1
1,3,0,0,7.7375,2,1,0,0,1,0
0,2,1,0,26.0,2,0,1,0,0,1
0,3,1,0,7.925,2,1,0,0,0,1
1,1,0,0,66.34379999999999,2,1,0,0,0,1
0,3,0,0,18.7875,1,0,1,1,0,0
0,2,0,0,0.0,2,0,1,0,0,1
0,2,0,0,13.0,2,0,1,0,0,1
0,2,0,0,13.0,2,0,1,0,0,1
0,3,0,0,16.1,2,0,1,0,0,1
0,3,1,3,34.375,4,1,0,0,0,1
1,1,0,0,66.34379999999999,3,0,1,1,0,0
0,3,0,0,7.8958,2,0,1,0,0,1
0,3,0,0,7.8958,2,0,1,0,0,1
1,1,0,0,30.0,2,0,1,0,0,1
0,1,1,0,66.34379999999999,3,0,1,0,0,1
1,1,2,2,66.34379999999999,2,1,0,1,0,0
0,3,1,0,16.1,2,0,1,0,0,1
1,3,0,0,7.925,3,0,1,0,0,1
0,1,1,1,66.34379999999999,6,0,1,0,0,1
0,3,1,1,20.25,1,0,1,0,0,1
1,2,0,0,13.0,2,1,0,0,0,1
0,1,1,0,53.1,1,0,1,0,0,1
0,3,0,0,7.75,3,0,1,0,1,0
1,2,1,1,23.0,0,1,0,0,0,1
1,3,0,1,12.475,0,0,1,0,0,1
0,3,0,0,9.5,3,0,1,0,0,1
0,3,0,0,7.8958,2,0,1,0,0,1
1,2,1,2,65.0,4,1,0,0,0,1
1,2,1,1,14.5,0,0,1,0,0,1
0,3,0,0,7.7958,2,0,1,0,0,1
0,2,0,0,11.5,1,0,1,0,0,1
0,3,0,0,8.05,3,0,1,0,0,1
1,1,0,0,66.34379999999999,3,1,0,0,0,1
0,3,0,0,14.5,2,0,1,0,0,1
0,3,0,0,7.125,4,0,1,0,0,1
1,3,0,0,7.2292,1,0,1,1,0,0
1,1,1,2,66.34379999999999,3,1,0,0,0,1
0,3,0,0,7.775,1,0,1,0,0,1
1,1,1,0,66.34379999999999,5,1,0,0,0,1
0,1,0,0,39.6,2,0,1,1,0,0
0,3,0,0,7.75,3,1,0,0,1,0
0,3,1,0,24.15,2,0,1,0,1,0
0,3,0,0,8.3625,3,0,1,0,0,1
0,3,0,0,9.5,2,0,1,0,0,1
0,3,0,0,7.8542,4,0,1,0,0,1
0,2,0,0,10.5,5,1,0,0,0,1
0,3,0,0,7.225,2,0,1,1,0,0
1,2,1,3,23.0,5,1,0,0,0,1
0,3,0,0,7.75,1,0,1,0,0,1
0,3,0,0,7.75,2,0,1,0,1,0
1,3,0,0,12.475,0,1,0,0,0,1
0,3,0,0,7.7375,2,0,1,0,1,0
1,1,0,1,66.34379999999999,4,1,0,0,0,1
1,3,0,0,7.2292,1,1,0,1,0,0
1,1,1,0,57.0,1,1,0,0,0,1
0,1,0,0,30.0,2,0,1,0,0,1
0,3,1,2,23.45,2,0,1,0,0,1
0,3,0,0,7.05,2,0,1,0,0,1
0,3,0,0,7.25,2,0,1,0,0,1
1,3,0,0,7.4958,1,1,0,0,0,1
0,3,4,1,29.125,0,0,1,0,1,0
1,3,1,2,20.575,0,0,1,0,0,1
0,1,0,0,66.34379999999999,4,0,1,1,0,0
0,3,0,0,7.75,2,0,1,0,1,0
0,2,0,0,26.0,1,0,1,0,0,1
0,3,8,2,66.34379999999999,2,1,0,0,0,1
0,1,0,0,30.6958,2,0,1,1,0,0
0,3,0,0,7.8958,2,0,1,0,0,1
0,2,0,0,13.0,3,0,1,0,0,1
1,1,0,0,25.9292,4,1,0,0,0,1
1,3,0,0,8.6833,3,1,0,0,0,1
0,3,0,0,7.2292,2,0,1,1,0,0
0,3,1,1,24.15,2,1,0,0,0,1
0,2,0,0,13.0,3,0,1,0,0,1
1,2,1,1,26.25,3,1,0,0,0,1
1,1,1,2,66.34379999999999,1,0,1,0,0,1
1,3,0,1,8.5167,0,0,1,1,0,0
1,3,0,0,6.975,2,0,1,0,0,1
0,3,0,0,7.775,3,0,1,0,0,1
0,1,0,0,0.0,3,0,1,0,0,1
0,3,0,0,7.775,1,1,0,0,0,1
0,2,0,0,13.0,3,0,1,0,0,1
1,1,1,0,53.1,3,1,0,0,0,1
0,3,0,0,7.8875,2,0,1,0,0,1
0,3,0,0,24.15,3,0,1,0,0,1
0,2,0,0,10.5,3,0,1,0,0,1
0,3,4,2,31.275,0,1,0,0,0,1
0,3,0,0,8.05,3,0,1,0,0,1
0,1,0,0,0.0,2,0,1,0,0,1
0,3,0,0,7.925,2,1,0,0,0,1
0,2,1,1,37.0042,3,0,1,1,0,0
0,3,0,0,6.45,4,0,1,0,0,1
0,3,3,2,27.9,0,0,1,0,0,1
1,1,1,1,66.34379999999999,5,1,0,0,0,1
1,3,0,0,8.6625,2,0,1,0,0,1
0,1,0,0,0.0,3,0,1,0,0,1
1,3,0,1,12.475,2,1,0,0,0,1
0,3,4,1,39.6875,0,0,1,0,0,1
0,3,0,0,6.95,2,0,1,0,1,0
0,3,0,0,56.4958,2,0,1,0,0,1
1,2,0,2,37.0042,0,0,1,1,0,0
1,3,0,0,7.75,2,0,1,0,1,0
1,1,0,0,66.34379999999999,6,1,0,0,0,1
1,3,1,0,14.4542,1,1,0,1,0,0
1,2,1,1,18.75,0,0,1,0,0,1
0,3,0,0,7.2292,2,0,1,1,0,0
0,3,0,0,7.8542,2,0,1,0,0,1
0,3,0,0,8.3,1,0,1,0,0,1
1,1,1,1,66.34379999999999,3,1,0,1,0,0
0,3,0,0,8.6625,2,0,1,0,0,1
0,3,0,0,8.05,2,0,1,0,0,1
1,3,0,0,56.4958,3,0,1,0,0,1
1,1,0,0,29.7,2,0,1,1,0,0
0,3,0,0,7.925,1,0,1,0,0,1
0,2,0,0,10.5,1,0,1,0,0,1
1,1,0,0,31.0,2,1,0,1,0,0
0,3,0,0,6.4375,3,0,1,1,0,0
0,3,0,0,8.6625,1,0,1,0,0,1
0,3,0,0,7.55,4,0,1,0,0,1
0,3,8,2,66.34379999999999,2,0,1,0,0,1
0,3,0,0,7.8958,3,0,1,1,0,0
0,2,0,1,33.0,2,0,1,0,0,1
1,1,1,0,66.34379999999999,2,1,0,1,0,0
0,3,4,2,31.275,0,0,1,0,0,1
0,3,0,0,7.775,7,0,1,0,0,1
0,3,1,1,15.2458,0,1,0,1,0,0
1,1,0,1,39.4,1,1,0,0,0,1
0,2,1,0,26.0,4,1,0,0,0,1
1,3,0,1,9.35,1,1,0,0,0,1
1,1,1,1,66.34379999999999,4,1,0,0,0,1
1,1,0,0,26.55,5,0,1,0,0,1
1,3,0,3,19.2583,2,1,0,1,0,0
0,3,0,0,7.2292,2,0,1,1,0,0
0,3,2,0,14.1083,4,0,1,0,0,1
0,2,1,0,11.5,2,0,1,0,0,1
1,1,0,0,25.9292,4,1,0,0,0,1
0,3,8,2,66.34379999999999,2,1,0,0,0,1
0,2,0,0,13.0,2,0,1,0,0,1
1,2,0,0,13.0,4,1,0,0,0,1
1,2,1,0,13.8583,2,1,0,1,0,0
0,1,0,0,50.4958,3,0,1,0,0,1
0,3,0,0,9.5,2,0,1,0,0,1
1,3,1,1,11.1333,0,0,1,0,0,1
0,3,0,0,7.8958,2,0,1,0,0,1
1,1,1,1,52.5542,4,1,0,0,0,1
0,1,0,0,5.0,3,0,1,0,0,1
0,3,0,0,9.0,4,0,1,0,0,1
1,2,1,0,24.0,2,1,0,1,0,0
1,3,0,0,7.225,1,1,0,1,0,0
0,3,0,0,9.8458,1,0,1,0,0,1
0,3,0,0,7.8958,1,0,1,0,0,1
0,3,0,0,7.8958,2,0,1,0,0,1
1,1,0,1,66.34379999999999,5,1,0,1,0,0
1,2,0,1,26.0,2,1,0,0,0,1
0,3,0,0,7.8958,3,0,1,0,0,1
0,3,0,0,10.5167,2,1,0,0,0,1
0,2,0,0,10.5,2,0,1,0,0,1
0,3,0,0,7.05,2,0,1,0,0,1
0,3,0,5,29.125,3,1,0,0,1,0
0,2,0,0,13.0,2,0,1,0,0,1
1,1,0,0,30.0,1,1,0,0,0,1
0,3,1,2,23.45,2,1,0,0,0,1
1,1,0,0,30.0,2,0,1,1,0,0
0,3,0,0,7.75,3,0,1,0,1,0
0,3,0,0,7.8292,3,0,1,0,1,0
1,3,1,0,7.0,4,1,0,0,0,1
0,2,0,0,9.6875,6,0,1,0,1,0
0,3,0,0,8.6625,2,0,1,0,0,1
1,3,1,1,12.2875,2,1,0,0,0,1
0,3,0,0,9.225,1,0,1,0,0,1
1,3,0,0,7.6292,2,1,0,0,1,0
0,2,1,1,29.0,2,0,1,0,0,1
1,3,0,0,7.2292,1,1,0,1,0,0
0,3,2,0,24.15,2,0,1,0,0,1
0,3,0,0,7.8958,2,0,1,0,0,1
0,1,0,0,26.0,4,0,1,0,0,1
1,1,1,0,66.34379999999999,2,1,0,0,0,1
0,2,1,0,26.0,6,0,1,0,0,1
1,1,1,0,61.175,4,1,0,0,0,1
1,2,1,0,27.7208,2,1,0,1,0,0
0,2,0,0,12.35,3,0,1,0,1,0
0,3,0,0,7.225,2,0,1,1,0,0
1,3,1,0,7.925,2,1,0,0,0,1
1,3,0,0,7.225,4,1,0,1,0,0
0,1,1,0,59.4,5,0,1,1,0,0
0,3,0,1,3.1708,0,0,1,0,0,1
1,1,0,0,31.6833,2,1,0,0,0,1
0,1,0,1,61.3792,2,0,1,1,0,0
1,1,1,3,66.34379999999999,4,1,0,1,0,0
0,3,1,0,14.5,4,0,1,0,0,1
1,1,0,1,61.9792,2,1,0,1,0,0
0,3,0,0,7.225,2,0,1,1,0,0
0,1,0,0,30.5,4,0,1,0,0,1
0,3,2,0,21.6792,2,0,1,1,0,0
0,2,1,0,26.0,4,0,1,0,0,1
0,2,2,0,31.5,2,0,1,0,0,1
1,3,1,2,20.575,3,1,0,0,0,1
1,3,1,2,23.45,2,1,0,0,0,1
0,1,1,0,57.75,2,0,1,1,0,0
0,3,0,0,7.2292,1,0,1,1,0,0
1,3,0,0,8.05,2,1,0,0,0,1
1,3,0,0,8.6625,2,1,0,0,0,1
0,3,0,0,9.5,2,0,1,0,0,1
0,3,0,0,56.4958,2,0,1,0,0,1
0,3,0,1,13.4167,3,0,1,1,0,0
0,1,0,0,26.55,2,0,1,0,0,1
0,3,0,0,7.85,4,0,1,0,0,1
1,2,0,0,13.0,2,1,0,0,0,1
1,1,1,0,52.5542,4,1,0,0,0,1
0,3,0,0,7.925,2,0,1,0,0,1
0,1,0,0,29.7,4,0,1,1,0,0
0,3,0,0,7.75,2,0,1,0,1,0
1,1,0,0,66.34379999999999,5,1,0,1,0,0
1,3,0,2,15.9,3,1,0,0,0,1
0,1,1,0,60.0,2,0,1,0,0,1
0,2,0,0,15.0333,2,0,1,1,0,0
1,2,2,1,23.0,1,1,0,0,0,1
1,1,3,2,66.34379999999999,2,1,0,0,0,1
0,2,0,0,15.5792,2,0,1,1,0,0
0,3,4,1,29.125,0,0,1,0,1,0
0,3,0,0,7.8958,3,0,1,0,0,1
0,3,0,0,7.65,2,0,1,0,0,1
0,3,1,0,16.1,2,0,1,0,0,1
1,1,0,0,66.34379999999999,3,1,0,1,0,0
0,3,0,0,7.8958,1,0,1,0,0,1
0,2,0,0,13.5,3,0,1,0,0,1
0,3,0,0,7.75,1,0,1,0,0,1
1,3,0,0,7.725,2,1,0,0,1,0
0,1,2,2,66.34379999999999,1,0,1,1,0,0
1,2,0,0,21.0,2,1,0,0,0,1
1,3,0,0,7.8792,1,1,0,0,1,0
0,1,0,0,42.4,4,0,1,0,0,1
0,1,0,0,28.5375,3,0,1,1,0,0
1,1,1,4,66.34379999999999,5,1,0,0,0,1
1,3,0,0,7.75,2,1,0,0,1,0
0,3,0,0,7.8958,2,0,1,0,0,1
1,3,0,0,7.925,2,1,0,0,0,1
0,1,0,0,27.7208,2,0,1,1,0,0
1,1,0,0,66.34379999999999,3,1,0,1,0,0
0,1,0,0,66.34379999999999,3,0,1,1,0,0
0,3,0,0,8.05,2,0,1,0,0,1
1,1,2,0,25.7,5,1,0,0,0,1
0,2,0,0,13.0,2,0,1,0,0,1
1,3,0,0,7.75,2,1,0,0,1,0
0,3,1,1,15.2458,0,0,1,1,0,0
0,1,1,0,66.34379999999999,6,0,1,0,0,1
0,1,0,0,26.0,4,0,1,0,0,1
0,3,0,0,7.8958,2,0,1,0,0,1
0,2,0,0,10.7083,2,0,1,0,1,0
0,3,1,0,14.4542,2,0,1,1,0,0
1,3,0,0,7.8792,2,1,0,0,1,0
1,3,0,0,8.05,1,1,0,0,0,1
1,3,0,0,7.75,2,1,0,0,1,0
0,2,1,1,23.0,0,0,1,0,0,1
1,3,1,0,13.9,2,1,0,0,0,1
0,3,0,0,7.775,2,0,1,0,0,1
1,1,1,2,52.0,2,1,0,0,0,1
0,3,0,0,8.05,2,0,1,0,0,1
0,1,0,0,26.0,2,0,1,1,0,0
0,3,0,0,7.7958,2,0,1,0,0,1
1,1,1,0,66.34379999999999,7,1,0,0,0,1
0,3,0,0,7.925,2,0,1,0,0,1
1,3,0,0,7.8542,1,1,0,0,0,1
0,3,0,0,8.05,3,0,1,0,0,1
1,1,1,0,55.4417,4,1,0,1,0,0
0,2,1,0,26.0,2,0,1,0,0,1
0,3,0,0,7.75,2,0,1,0,1,0
0,3,0,0,7.775,2,0,1,0,0,1
1,3,1,1,8.5167,1,1,0,1,0,0
0,3,0,0,22.525,2,0,1,0,0,1
0,3,0,0,7.8208,2,0,1,0,1,0
0,3,0,0,7.75,2,0,1,0,1,0
0,3,0,0,8.7125,2,0,1,0,0,1
0,2,0,0,13.0,1,0,1,0,0,1
0,2,0,0,15.0458,4,0,1,1,0,0
1,3,0,0,7.7792,2,1,0,0,1,0
1,1,0,0,31.6792,3,1,0,1,0,0
1,3,0,0,7.2833,1,1,0,0,1,0
1,1,1,0,66.34379999999999,6,1,0,0,0,1
0,3,1,0,14.4542,1,0,1,1,0,0
0,3,0,0,6.4375,2,0,1,1,0,0
1,3,1,1,16.7,0,1,0,0,0,1
0,1,0,0,66.34379999999999,3,0,1,1,0,0
1,2,1,0,26.0,2,1,0,0,0,1
1,2,0,0,15.75,1,1,0,0,0,1
0,3,1,0,7.75,2,0,1,0,1,0
1,1,1,0,57.75,3,1,0,1,0,0
0,3,0,0,7.25,2,0,1,0,0,1
0,3,0,0,7.75,2,0,1,0,1,0
1,3,0,1,16.1,1,1,0,0,0,1
0,3,0,0,7.7958,2,0,1,0,0,1
1,3,2,0,23.25,2,1,0,0,1,0
0,2,0,0,13.0,4,0,1,0,0,1
0,3,0,0,8.05,2,0,1,0,0,1
0,3,0,0,8.05,3,0,1,0,0,1
0,1,0,0,28.5,5,0,1,1,0,0
1,3,0,4,25.4667,2,1,0,0,0,1
0,3,1,0,6.4375,2,0,1,1,0,0
0,3,0,0,7.8958,4,0,1,0,0,1
0,3,0,0,7.8542,2,0,1,0,0,1
0,3,0,0,7.225,2,0,1,1,0,0
0,2,0,0,13.0,2,0,1,0,0,1
1,3,0,0,8.05,2,1,0,0,0,1
0,3,1,6,46.9,3,0,1,0,0,1
1,3,5,2,46.9,0,1,0,0,0,1
1,1,0,0,66.34379999999999,3,1,0,0,0,1
0,1,1,3,66.34379999999999,6,0,1,1,0,0
0,2,0,0,26.0,2,0,1,0,0,1
0,1,0,0,26.55,4,0,1,0,0,1
0,3,3,0,18.0,3,0,1,0,0,1
0,1,0,0,51.8625,2,0,1,0,0,1
0,3,0,0,8.05,2,0,1,0,0,1
0,1,0,0,26.55,2,0,1,0,0,1
0,2,1,1,26.0,2,0,1,0,0,1
1,1,0,1,66.34379999999999,2,1,0,1,0,0
0,3,0,0,7.8958,2,0,1,1,0,0
1,3,0,2,12.1833,3,1,0,0,0,1
0,3,4,2,31.3875,1,0,1,0,0,1
0,3,0,0,7.55,2,0,1,0,0,1
1,1,0,0,66.34379999999999,2,1,0,0,0,1
1,3,0,0,7.8542,2,1,0,0,0,1
0,1,0,0,26.55,4,0,1,0,0,1
1,3,0,2,13.775,2,1,0,0,0,1
1,3,0,0,7.7333,2,1,0,0,1,0
0,3,1,1,15.2458,0,0,1,1,0,0
1,2,0,0,13.5,2,1,0,0,0,1
0,3,0,0,7.0,2,0,1,0,0,1
0,2,0,0,13.0,4,0,1,0,0,1
1,3,1,1,22.025,2,1,0,0,0,1
0,1,0,0,50.4958,4,0,1,1,0,0
0,3,2,2,34.375,1,0,1,0,0,1
1,1,0,0,27.7208,2,1,0,1,0,0
1,3,0,0,8.9625,2,1,0,0,0,1
0,3,0,0,7.55,2,0,1,0,0,1
0,3,0,0,7.225,2,0,1,1,0,0
0,3,1,0,13.9,2,0,1,0,0,1
0,3,0,0,7.2292,2,0,1,1,0,0
0,3,1,5,31.3875,3,0,1,0,0,1
1,2,0,2,39.0,1,1,0,0,0,1
1,2,0,0,36.75,1,1,0,0,0,1
0,1,1,0,55.4417,5,0,1,1,0,0
1,2,0,3,39.0,3,1,0,0,0,1
1,1,0,2,66.34379999999999,6,1,0,1,0,0
0,2,0,0,13.0,2,0,1,0,0,1
0,1,1,1,66.34379999999999,3,0,1,1,0,0
1,1,1,0,53.1,1,1,0,0,0,1
0,3,0,0,7.75,2,0,1,0,1,0
1,1,1,1,66.34379999999999,2,1,0,1,0,0
0,2,0,0,16.0,3,0,1,0,0,1
1,2,0,1,21.0,2,1,0,0,0,1
0,3,2,0,8.05,1,0,1,0,0,1
1,3,8,2,66.34379999999999,2,1,0,0,0,1
0,2,0,0,13.0,3,0,1,0,0,1
0,2,1,0,26.0,3,0,1,0,0,1
0,1,0,0,26.0,2,0,1,0,0,1
0,3,1,1,14.5,1,0,1,0,0,1
0,2,0,0,12.35,6,0,1,0,1,0
0,2,0,2,32.5,0,0,1,0,0,1
0,3,0,0,7.8542,3,0,1,0,0,1
0,1,0,2,66.34379999999999,0,0,1,1,0,0
1,3,0,0,7.775,1,1,0,0,0,1
0,2,0,0,10.5,2,0,1,0,0,1
1,3,0,0,8.1125,2,1,0,0,0,1
1,3,0,0,15.5,2,1,0,0,1,0
0,3,0,2,14.4,0,0,1,0,0,1
0,1,1,0,66.34379999999999,4,0,1,1,0,0
1,2,1,1,26.0,0,1,0,0,0,1
0,2,0,0,10.5,2,0,1,0,0,1
0,1,0,0,25.7417,2,0,1,1,0,0
1,3,0,0,7.75,3,1,0,0,1,0
0,2,0,0,10.5,2,0,1,0,0,1
1,1,0,0,27.7208,3,1,0,1,0,0
0,3,0,0,7.8958,2,0,1,0,0,1
0,3,0,0,22.525,3,0,1,0,0,1
0,3,0,0,7.05,2,0,1,0,0,1
0,2,0,0,66.34379999999999,1,0,1,0,0,1
1,2,1,0,26.0,5,1,0,0,0,1
1,3,4,2,7.775,3,1,0,0,0,1
0,1,0,0,42.5,4,0,1,0,0,1
1,3,0,0,7.8792,2,1,0,0,1,0
0,1,1,1,66.34379999999999,5,0,1,0,0,1
1,1,1,1,66.34379999999999,4,1,0,1,0,0
0,3,0,0,8.05,2,0,1,0,0,1
1,2,1,0,13.8583,2,1,0,1,0,0
0,3,0,0,8.05,2,0,1,0,0,1
1,2,0,0,10.5,2,1,0,0,0,1
0,3,0,0,7.7958,2,0,1,0,0,1
1,1,0,0,27.4458,5,1,0,1,0,0
1,3,0,2,15.2458,2,1,0,1,0,0
0,3,0,0,7.7958,2,0,1,0,0,1
1,3,0,0,7.75,2,1,0,0,1,0
0,3,0,0,15.1,4,0,1,0,0,1
0,2,0,0,13.0,3,0,1,0,0,1
0,2,0,0,65.0,1,0,1,0,0,1
1,1,0,0,26.55,2,1,0,0,0,1
0,3,1,0,6.4958,2,0,1,0,0,1
0,3,0,0,7.8792,2,0,1,0,1,0
0,1,1,0,66.34379999999999,3,0,1,1,0,0
0,3,0,0,7.8542,1,0,1,0,0,1
0,1,1,0,66.34379999999999,6,0,1,1,0,0
0,3,0,0,7.225,1,0,1,1,0,0
1,2,1,1,13.0,1,1,0,0,0,1
1,1,1,0,66.34379999999999,4,1,0,1,0,0
1,1,0,0,27.7208,5,1,0,1,0,0
1,2,0,2,30.0,4,1,0,0,0,1
0,1,1,1,66.34379999999999,4,0,1,1,0,0
0,3,0,0,7.8875,2,0,1,0,0,1
0,3,1,2,23.45,2,0,1,0,0,1
0,1,1,0,51.8625,4,0,1,0,0,1
1,2,0,0,21.0,2,1,0,0,0,1
0,2,1,1,32.5,4,0,1,0,0,1
1,2,1,0,26.0,2,1,0,0,0,1
1,3,1,0,14.4542,2,1,0,1,0,0
1,2,1,2,27.75,0,1,0,0,0,1
0,3,0,0,7.925,1,0,1,0,0,1
0,1,1,0,66.34379999999999,2,0,1,1,0,0
0,3,0,0,9.325,2,0,1,0,0,1
0,3,0,0,9.5,3,0,1,0,0,1
0,3,0,0,7.55,2,0,1,0,0,1
0,3,0,0,7.75,2,0,1,0,1,0
0,3,0,0,8.05,2,0,1,0,0,1
1,2,0,0,13.0,1,1,0,0,0,1
0,3,0,0,7.775,2,0,1,0,0,1
0,3,1,0,17.4,3,0,1,0,0,1
0,3,0,0,7.8542,2,0,1,0,0,1
1,2,0,2,23.0,2,1,0,0,0,1
1,3,1,1,12.1833,0,1,0,0,0,1
0,2,0,0,12.7375,2,0,1,1,0,0
0,3,0,0,7.8958,2,0,1,0,0,1
0,1,0,0,0.0,2,0,1,0,0,1
0,3,0,0,7.55,2,0,1,0,0,1
1,3,0,0,8.05,2,1,0,0,0,1
0,3,0,0,8.6625,1,0,1,0,0,1
0,1,0,0,66.34379999999999,4,0,1,1,0,0
0,3,0,0,7.75,2,0,1,0,1,0
1,1,1,0,66.34379999999999,2,1,0,1,0,0
1,3,1,0,15.5,2,1,0,0,1,0
0,3,0,0,7.225,2,0,1,1,0,0
1,2,1,0,26.0,1,1,0,0,0,1
0,2,0,0,10.5,2,0,1,0,0,1
0,2,1,0,26.0,3,0,1,0,0,1
0,2,1,0,21.0,2,0,1,0,0,1
0,2,0,0,10.5,2,0,1,0,0,1
1,3,0,0,8.6625,2,1,0,0,0,1
0,3,1,1,13.775,0,0,1,0,0,1
1,3,0,0,7.75,2,1,0,0,1,0
1,3,1,1,15.2458,0,1,0,1,0,0
1,3,1,1,20.2125,0,1,0,0,0,1
0,3,0,0,7.25,3,0,1,0,0,1
0,3,0,0,7.25,2,0,1,0,0,1
0,1,1,0,66.34379999999999,2,0,1,0,0,1
0,3,0,0,7.2292,2,0,1,1,0,0
0,3,0,0,8.05,2,0,1,0,0,1
0,1,0,0,39.6,2,0,1,0,0,1
1,3,0,0,6.95,2,1,0,0,1,0
0,3,0,0,7.2292,2,0,1,1,0,0
0,1,1,1,66.34379999999999,5,0,1,0,0,1
0,3,0,0,9.5,3,0,1,0,0,1
0,3,0,0,7.8958,2,0,1,0,0,1
1,2,1,2,41.5792,0,1,0,1,0,0
0,3,2,0,21.6792,2,0,1,1,0,0
0,1,0,0,45.5,2,0,1,0,0,1
0,3,0,0,7.8542,2,0,1,0,0,1
0,3,0,0,7.775,3,0,1,0,0,1
0,2,0,0,15.0458,2,0,1,1,0,0
0,2,0,1,21.0,4,0,1,0,0,1
0,3,0,0,8.6625,2,0,1,0,0,1
1,3,0,0,7.75,2,1,0,0,1,0
1,1,1,1,26.55,6,1,0,0,0,1
0,1,1,2,66.34379999999999,2,0,1,0,0,1
0,3,0,1,9.35,0,0,1,0,0,1
0,1,1,1,66.34379999999999,5,0,1,0,0,1
1,3,1,0,14.1083,4,1,0,0,0,1
0,3,0,0,8.6625,1,0,1,0,0,1
0,3,0,0,7.225,2,0,1,1,0,0
0,3,0,0,7.575,2,0,1,0,0,1
1,3,0,0,7.75,3,1,0,0,1,0
1,1,0,0,66.34379999999999,5,1,0,1,0,0
1,3,0,0,7.7333,1,1,0,0,1,0
0,1,1,0,66.34379999999999,5,0,1,1,0,0
0,2,0,0,10.5,1,0,1,0,0,1
0,3,0,0,7.8542,2,0,1,0,0,1
0,2,2,0,31.5,2,0,1,0,0,1
0,3,0,0,7.775,2,0,1,0,0,1
0,3,0,0,7.2292,2,0,1,1,0,0
0,2,0,0,13.0,2,0,1,0,0,1
0,1,0,0,26.55,3,0,1,0,0,1
1,1,0,0,66.34379999999999,3,1,0,0,0,1
0,3,0,0,7.05,2,0,1,0,0,1
1,2,2,1,39.0,1,1,0,0,0,1
0,1,0,0,66.34379999999999,4,0,1,1,0,0
0,2,1,0,26.0,2,0,1,0,0,1
0,2,0,0,13.0,2,0,1,0,0,1
1,2,0,2,36.75,4,1,0,0,0,1
0,1,0,0,29.7,3,0,1,1,0,0
0,3,0,0,7.225,2,0,1,1,0,0
1,3,1,1,15.7417,1,1,0,1,0,0
0,3,0,0,7.8958,2,0,1,0,0,1
0,1,0,0,26.0,2,0,1,0,0,1
0,2,0,0,13.0,3,0,1,0,0,1
0,3,0,2,7.2292,3,0,1,1,0,0
0,2,0,0,31.5,2,0,1,0,0,1
0,3,0,0,7.2292,2,0,1,1,0,0
0,2,0,0,10.5,1,0,1,0,0,1
0,3,0,0,7.5792,3,0,1,0,0,1
0,3,1,9,66.34379999999999,2,0,1,0,0,1
1,1,0,1,66.34379999999999,5,1,0,1,0,0
0,3,1,1,14.5,2,0,1,0,0,1
1,3,0,0,7.65,1,1,0,0,0,1
0,2,0,0,13.0,2,0,1,0,0,1
1,3,0,0,7.2292,3,1,0,1,0,0
0,2,0,0,13.5,2,0,1,0,0,1
1,2,0,0,21.0,3,1,0,0,0,1
1,1,0,1,63.3583,4,1,0,1,0,0
0,2,0,0,10.5,2,0,1,0,0,1
0,2,0,0,66.34379999999999,1,0,1,0,0,1
0,2,1,2,65.0,4,0,1,0,0,1
1,3,1,2,20.575,0,1,0,0,0,1
0,1,0,0,26.0,4,0,1,0,0,1
1,1,2,0,51.4792,5,1,0,0,0,1
0,3,0,0,7.8792,2,0,1,0,0,1
0,3,0,0,7.75,2,0,1,0,1,0
1,3,1,0,15.55,2,1,0,0,0,1
0,3,8,2,66.34379999999999,1,0,1,0,0,1
1,2,1,1,37.0042,2,1,0,1,0,0
1,2,0,0,21.0,3,1,0,0,0,1
0,3,0,0,8.6625,2,0,1,0,0,1
1,1,1,0,55.4417,2,1,0,1,0,0
1,3,1,9,66.34379999999999,2,1,0,0,0,1
0,3,1,0,14.4583,2,0,1,1,0,0
1,3,0,0,39.6875,2,1,0,0,0,1
1,1,0,1,59.4,4,1,0,1,0,0
0,2,0,0,13.8583,2,0,1,1,0,0
0,2,1,0,11.5,2,0,1,0,0,1
1,1,0,0,66.34379999999999,3,1,0,1,0,0
0,1,0,0,0.0,4,0,1,0,0,1
0,2,0,0,13.0,4,0,1,0,0,1
1,1,1,1,66.34379999999999,5,1,0,0,0,1
1,1,0,0,66.34379999999999,4,1,0,1,0,0
1,3,2,0,8.6625,2,1,0,0,0,1
0,2,0,0,11.5,2,0,1,0,0,1
0,1,0,0,50.0,5,0,1,0,0,1
0,3,4,2,31.3875,0,0,1,0,0,1
0,3,0,0,7.75,2,0,1,0,1,0
0,3,0,0,7.8792,2,0,1,0,1,0
1,3,0,0,14.5,2,1,0,0,0,1
1,3,1,0,16.1,1,1,0,0,0,1
0,2,0,0,12.875,2,0,1,0,0,1
1,2,1,2,65.0,2,1,0,0,0,1
0,3,0,0,7.775,2,0,1,0,0,1
0,2,0,0,13.0,5,0,1,0,0,1
0,3,0,0,7.75,2,0,1,0,1,0
0,3,3,1,21.075,0,0,1,0,0,1
0,1,0,0,66.34379999999999,2,0,1,0,0,1
1,1,0,1,39.4,5,1,0,0,0,1
0,3,0,2,20.25,1,0,1,0,0,1
0,2,0,0,10.5,4,0,1,0,0,1
0,3,3,1,22.025,2,0,1,0,0,1
1,1,1,0,60.0,1,1,0,0,0,1
0,3,0,0,7.25,2,0,1,0,1,0
1,1,1,1,66.34379999999999,4,1,0,1,0,0
0,3,0,0,7.775,2,0,1,0,0,1
0,3,0,0,7.7333,3,0,1,0,1,0
1,1,0,0,66.34379999999999,2,1,0,0,0,1
0,2,1,0,21.0,3,0,1,0,0,1
1,1,0,1,59.4,2,1,0,1,0,0
0,1,0,0,47.1,1,0,1,0,0,1
0,1,1,0,27.7208,4,0,1,1,0,0
0,2,0,0,13.8625,1,0,1,1,0,0
0,2,1,0,10.5,2,0,1,0,0,1
0,1,1,1,66.34379999999999,4,0,1,1,0,0
1,3,0,0,7.7208,2,1,0,0,1,0
1,3,1,1,13.775,0,1,0,0,0,1
1,3,0,0,7.75,2,1,0,0,1,0
1,1,1,0,66.34379999999999,3,1,0,0,1,0
1,3,0,0,7.775,2,1,0,0,0,1
0,3,0,0,8.05,2,0,1,0,0,1
1,1,0,0,66.34379999999999,3,1,0,1,0,0
0,3,0,0,7.25,3,0,1,0,0,1
0,3,0,0,8.05,2,0,1,0,0,1
0,3,1,1,22.3583,2,0,1,1,0,0
